Age,Income,Hours_Worked_Per_Week,Years_of_Experience,Job_Satisfaction_Score,Credit_Score
56,38062.92809214441,28.30083164289712,28.783733648351927,4.0,722.1310444209097
46,17231.08130476851,11.277377867183507,16.259079214775372,3.0,609.5464672377756
32,24356.921120651416,39.724850949493636,7.584880362574828,5.0,712.0935860240419
60,18702.93145342382,57.72251596669744,21.401708295183024,5.0,678.6741307527622
25,17798.041779152827,56.6125921454787,4.080118619378273,5.0,691.4499558871636
38,33415.686206579005,35.429037434137285,18.908555349831467,3.0,651.1370826048093
56,3283.554998727108,33.97787939638219,23.589199992331952,3.0,570.2293842203685
36,10031.047445295233,44.68774256075024,12.188441944954942,4.0,685.1936506827705
40,25770.7212718054,30.016145608117085,12.158800329294664,4.0,572.6005636478327
28,11969.546139570073,43.01791899819466,6.111806523740851,5.0,646.1020215274433
28,17711.458733713087,47.660802783846904,7.596122853901026,5.0,714.7705520547116
41,14460.148132841794,52.26933223884308,18.489155855600004,4.0,674.0550349264936
53,27365.897874729,38.99845923520047,21.793665497908695,3.0,774.7830301142196
57,26943.227646079205,37.96326249823034,20.625777104889785,5.0,728.1986852751679
41,32177.820616598074,31.220174132434387,15.996877994965082,3.0,649.4829012003192
20,12544.20843301213,31.7311964596014,1.234203370926334,5.0,663.9098774255841
39,22876.02662075202,37.73521108098473,12.805316193912919,4.0,670.5074914935302
19,5381.230338775326,43.67365506816178,0.9799314013567276,5.0,576.272392171469
41,15623.937759275064,49.13584626233249,18.587455588145826,5.0,618.6039919350574
61,26174.418121803792,31.96821049319655,33.472886528200064,4.0,648.1363727728108
47,27444.521423782968,54.92688568959522,20.52873900108817,4.0,575.6334962809862
55,23290.15519179737,37.28876398957431,26.43547016845767,4.0,675.6648286043795
19,12397.748568964129,39.78632705651564,0.7704525019190405,4.0,649.9441563363122
38,39754.00798645439,32.527883208521764,16.96429807036107,4.0,606.1093129208757
50,33711.247034316926,15.757597397270583,27.234337538909273,3.0,703.9218902981835
29,11239.76467832159,48.8404539636105,6.444316492379973,4.0,697.0334019128695
39,31512.13922163945,47.36843897092433,15.751183896804582,4.0,692.8638631648839
61,26419.246269784486,37.18672442881787,30.35709904323319,3.0,660.215837509336
42,618.7546482214602,40.66990717224872,22.44632359523261,4.0,680.1908622358143
44,11919.13689082596,45.15939217704099,21.20844597583889,4.0,695.9301549146605
59,10792.080789741442,24.374541431134574,31.41633336152763,3.0,676.1622592757259
45,18984.865159586912,34.70947322653705,15.057827669415385,3.0,627.7542526378488
33,16684.183791895517,47.94264679621827,12.042284169925587,3.0,680.5142220674545
32,32764.373122752826,27.457105768307507,7.820427339761634,3.0,742.5384056640269
64,35269.273737641626,42.935579321666296,30.755751238012298,4.0,655.4378208070551
61,28308.994711911357,26.43418195376595,24.571102243508133,5.0,783.205961668533
20,18294.055811834893,44.66429982433527,1.692073647024369,4.0,642.0125091125657
54,4888.64690992115,39.643585177025166,21.712538049050746,4.0,656.508997576928
24,14356.145581085659,23.848681840944906,4.1755781195640775,4.0,630.7318657807689
38,26708.65193886967,51.64739354457171,18.95674777618779,4.0,687.8721937348828
26,-1785.8624577984156,32.65408423201951,4.817265533595881,4.0,561.1030529104378
56,39437.54043206929,31.89747562985619,28.648296215216803,3.0,662.1354504912333
35,20884.964074944142,42.00569197230943,12.063809119911188,5.0,616.2789040575158
21,6347.120860991988,51.48637349428715,1.5271860615685946,5.0,663.1140382556065
42,27327.818661062847,29.84178181021603,21.513097362873754,3.0,727.0501874365082
31,38206.92857804396,40.61679849847972,6.948798391044899,4.0,720.5072379337715
26,14818.662550584952,44.28816500330573,5.897020083907814,4.0,546.2356945076403
43,23982.20586300336,46.93105607263144,19.508478686736876,4.0,776.0856885093974
19,4906.391004597559,41.76441555277225,0.8142132283072936,4.0,669.670388035641
37,10001.556305352082,36.329721609166775,16.042000478424818,4.0,621.1765992807021
45,30803.358165442456,31.724097793512804,16.919177177556655,5.0,688.6597541149895
64,23439.161740911328,40.86143883046375,23.229511863144335,5.0,682.248652866046
24,12715.662372193925,29.278609880143932,5.170330987064736,4.0,629.3732265246158
61,25723.425532348832,10.786495165053928,33.01661688597294,4.0,685.6192588994527
25,17289.798257463917,44.365598041576675,6.42641196122537,5.0,636.9161838764485
64,35336.62105286948,49.039348410861955,41.89193234671597,4.0,665.1185214183683
52,36375.39944257899,16.370675644581617,31.336544852394013,3.0,652.0614426548248
31,10399.83601145253,29.902692952900622,9.65311528986701,4.0,588.7662715244699
34,14301.250647066288,46.191542610051975,10.669027166694924,5.0,671.5930741578354
53,16712.362842176924,60.574954697116986,31.352268545348977,5.0,695.9773346679939
57,24057.067399238884,40.20793707675408,28.30023520407047,3.0,699.8012472030575
21,14273.004930448522,32.71997058770866,1.7751632946051519,3.0,705.2692675622103
19,17069.886166453518,38.1710355889516,0.9274870097807372,4.0,683.286896667197
23,2278.3467582237463,53.74876419148185,4.706399691930868,4.0,625.6420718473786
59,38196.0592010566,33.54035820875465,30.059350000873486,5.0,730.1792524226161
21,24056.37858804951,32.00807993349746,1.613549590964681,3.0,606.1805015959527
46,27134.34903223701,35.17256477817968,19.429565258837037,4.0,632.100779906613
35,36267.958125580655,30.466713917412875,15.330070105432128,5.0,638.0579545544184
43,13762.108008964271,41.22670315994795,23.77217535682786,5.0,717.7649109659297
61,18053.45296688583,56.246784584695604,25.874663963698314,4.0,715.1928786738896
51,7712.797510957214,43.23079273116029,17.60506459841698,4.0,682.078059363207
27,28460.44311489183,37.47646497873713,8.448077039097774,4.0,732.0569363754818
53,33043.65656354058,37.08188731084456,24.31458643213032,4.0,639.0795174429412
31,14944.153290895449,24.36809191303343,10.02144626773916,4.0,682.3739092839445
48,26799.686263198204,48.83109777147159,29.52098718076138,4.0,670.54096484404
32,4745.109527016235,39.22162802987198,7.465953095399559,3.0,697.0892147212619
25,36957.519796168264,38.19520086409374,5.7691130260823344,4.0,681.1963081685584
31,16792.211819752276,71.93107567844861,6.981685246736635,5.0,647.5450673992483
40,21093.947946048927,42.98752908365686,15.130158213131503,4.0,698.1393738740985
57,35757.666238986916,32.48208949904816,35.174383631272214,5.0,729.5661245985485
38,23810.092317367133,35.736424037944566,14.334722327556344,4.0,640.392832575027
33,18738.840242791313,51.48445709196755,14.978867654272129,4.0,665.6850566751725
62,23095.25544554688,41.13270410537764,34.29930426882525,5.0,620.1732237634642
35,22214.683571359958,25.617220216826333,11.229878297405604,3.0,547.311632696713
64,50820.24496475034,49.19228934575204,28.062560495809322,4.0,710.8432265354368
41,33954.20046154978,33.31855914461006,15.530986144290862,4.0,714.3994682742814
43,37431.86626639397,58.73297776217545,17.156665921994385,5.0,700.5352067207302
42,15887.84323568815,50.80048065714649,12.82456413268753,4.0,568.4097573479697
62,21103.951797414193,35.52678104341249,30.13063238738901,3.0,653.5614802935904
58,27742.13079900352,52.81016361735113,29.2847703947845,4.0,566.8247427964495
46,23557.249122886948,40.678555105274036,24.118328531343263,4.0,742.0423045055961
32,26941.915184709484,48.52773675122219,11.597106393051256,4.0,622.6391860788052
62,14075.353702851808,44.84732817294475,37.59284441504139,4.0,726.8455341758466
18,24295.503194606135,31.536433450091266,0.0,4.0,721.5889853788134
42,19419.921014210107,33.56450167682538,14.612008794966432,3.0,624.390403387407
24,7731.1893005258,50.29960817581161,4.98505286519957,5.0,601.0919417371385
26,2878.956247398324,36.65224667893459,5.9359574727189885,4.0,670.3974670667153
41,3951.433281342306,35.96351536758003,11.561104970185978,5.0,611.7352314221888
18,17231.705839619146,30.44877420650647,0.0,4.0,672.3559379475296
61,31233.179671884038,44.235990655934614,38.11540582574226,5.0,657.0918001315381
25,-399.608997410538,60.625249192431454,5.419467070477469,5.0,560.5424702793078
41,7549.212279363839,29.32467085745727,12.26432824642713,4.0,546.0258113231408
28,10642.153007098717,40.24219456672758,8.832575247662923,4.0,671.9763654318286
34,33690.21525289393,54.12220555415429,12.669708701850912,4.0,655.6123279363627
25,9904.086486363953,39.203586087542845,6.236859920052857,5.0,632.2495956406574
52,10968.570468818938,44.52371796249734,29.779698870729288,5.0,695.7617624235082
52,23542.569359140558,29.376064718531204,30.651035223283234,4.0,732.2146831907628
50,22272.764302523294,44.28307097207649,24.288129062474,3.0,658.6455282344328
22,-15968.866429415717,38.12855734995451,2.2806490363870298,3.0,617.0011982250912
59,28957.051334821877,49.85729995679863,34.25872820428362,4.0,703.9642029905161
56,25690.65469791322,51.87386051564751,30.78900191598744,4.0,607.8438762129344
58,35962.063648134186,65.89563642018614,34.84506374398174,4.0,697.119716385519
45,40989.56094945345,45.796331732135755,15.793393581684924,4.0,718.5838595405611
24,23265.65029547757,43.257963165821664,3.5849255997008673,5.0,707.277160716359
26,10311.113094451695,41.94384301577336,7.561638068877314,4.0,563.4734779693284
25,1434.7409125832964,36.46833707189312,6.124922294582248,3.0,613.3669774221362
29,40233.5980324986,43.38483843461691,10.495256687851777,4.0,646.3204353913252
51,26092.184340144882,37.04598589860971,29.018802799204693,4.0,681.0865320606055
50,25139.29291912946,41.68460976269614,25.55448489584483,4.0,699.1765219075287
40,19758.749128899966,53.1759753560796,18.19546010730661,4.0,744.5942695011989
41,22480.84760767855,29.934574347203586,21.724971125310116,4.0,647.7325735892749
54,25556.395880760574,51.39878561129045,28.418521581214932,4.0,650.6777709652998
52,20263.379931197636,53.17115067339866,27.750652513582587,4.0,727.746980875135
61,25031.410587596078,38.81931473008921,24.86424939407741,4.0,689.8602575141113
57,28172.467297840016,18.781451009914054,28.741463792264003,2.0,741.5550428572387
39,14065.75228866235,33.921780129055676,18.02216967556004,5.0,678.5021524391542
44,14871.542173228358,52.96994546561109,16.52225507811275,5.0,607.0157112375648
52,27064.30227691897,39.77131937701118,20.43832106891709,4.0,610.4078845380286
18,6450.227825791448,30.00697767705089,0.0,4.0,578.874615372845
52,41039.92988582689,34.95225078771782,21.105510675878172,3.0,724.1425216237504
54,490.30191606987864,48.40620026504553,21.868427466655124,5.0,709.9201430704202
64,42915.06851922462,45.4673356820138,32.771569385966,5.0,785.3831755885437
31,27960.85192497629,37.61067900830306,12.400950340242971,4.0,720.1161185411382
20,-10733.902324081493,36.33175588185313,1.5070596467387183,4.0,697.4080265526678
18,5573.1240591965125,36.08241850956178,0.0,4.0,626.5723074265122
22,7285.591340042085,30.775898155014975,2.1539433387617484,3.0,599.4648005028492
43,7424.883052821788,56.15375689469442,21.201951814224067,4.0,699.9288496736995
31,7721.833124091247,36.7767953078866,8.98819196883652,4.0,678.6058707360613
56,16894.241545341712,52.17158520825497,34.61478798512183,4.0,672.2664602623863
44,39522.70443423623,55.213160519224516,21.573639992330012,4.0,708.8912784658856
26,22356.78393147461,49.9831089814796,7.184965802165474,4.0,688.516058054385
32,28715.550949941586,35.683796872819514,8.903622275929141,4.0,742.9063939426196
32,23216.72064043235,44.037300903366095,11.846512457227409,4.0,737.96599988128
43,10209.482287827708,39.758043936090836,15.800774808671486,3.0,687.420499904845
59,24254.797337202264,30.96298139269872,39.75090382873098,3.0,716.5449409653487
30,19893.74561227918,43.24359281721603,9.818245689200246,3.0,695.596873233518
49,12278.721911080545,28.209602088401976,20.529932902717803,4.0,639.2202353093496
56,35129.98430172388,51.87679388461564,24.120725383553182,3.0,722.9582180473809
49,22096.74601841865,35.35382702701607,18.459362068610474,4.0,602.3719925754556
21,6751.791924504025,42.01159655872839,2.5419614383405915,5.0,709.4463695392982
47,30609.599682034914,42.83287871546142,17.671376388469945,4.0,620.8834526937333
54,31442.633114860397,37.410950262959226,28.715458786694803,3.0,695.7327974545971
40,16390.3383418092,45.86693801475275,13.910985296178929,4.0,624.1326404205013
56,39593.29803364248,35.25096343377476,31.577409951083503,4.0,717.2627471873637
62,20189.366724001025,48.71297297457244,39.928674027891866,4.0,668.4931054276057
32,22159.356069442638,26.540203197532513,12.446176702012572,3.0,592.421558161276
60,35931.01257968384,41.26379579546412,36.97787794954641,5.0,706.9659941306078
46,19904.535606860096,59.389289990582846,16.62811367969153,5.0,641.0084967652245
53,29761.33022242118,29.996686753944253,19.04673657222908,3.0,723.8186662630897
30,2488.86423614697,33.222550294751485,10.193692970924314,3.0,652.5551486728673
49,33740.27019206901,45.13907849658915,21.209381813812445,4.0,703.511319461471
24,10150.978635570109,41.79581781939598,4.297038679210042,4.0,612.2725308848095
39,14272.769794809605,43.50630099273559,10.827065474330606,4.0,634.8061582234416
45,32990.092258368895,44.891871301476634,17.004282065213165,4.0,660.0581604533147
19,2456.563094572408,46.3472146856177,0.516838201937232,4.0,695.2916871067002
59,15415.387036364404,51.09699841956223,38.52330833832558,5.0,749.2842414266389
62,15433.708264760962,44.098186569285126,27.354727030807666,5.0,625.1751206776172
23,17560.099513456396,37.58742345381457,3.8933429239325203,4.0,721.4025067463405
45,9695.706475037168,46.72573701202731,14.026220828925261,4.0,551.211835588752
45,40047.94181984365,58.99881934895215,22.502439782626382,4.0,630.3384717652292
61,9680.705921162778,38.67366253617426,28.44508793371302,5.0,611.7417831118241
61,47464.56368290038,30.254706953293585,40.80526251958981,3.0,629.8391292108643
37,20610.174672026184,51.07080669286972,17.937122794873343,4.0,591.4307551826472
47,22532.868881296075,38.796188360464015,19.216713966245344,4.0,693.182814488186
28,8550.809131910502,18.273304539859637,9.504804478452339,3.0,647.8474242455173
45,26491.36114352071,48.47421677150422,26.948128592233513,4.0,695.4616310237762
42,20623.652975751516,34.64671814046077,21.904987969487376,4.0,705.1472872818272
56,39033.01882016521,39.094667176958396,35.05255560734935,4.0,702.313868478792
50,26142.276486620398,43.319803305690144,19.98413977774544,4.0,709.0304352941391
18,10503.017614618777,41.904996797790666,0.0,4.0,657.0264033025053
44,18363.877877861443,47.0945181713904,13.874326881575783,5.0,609.0142084625742
30,14430.543762789326,35.645136294301565,6.569507620930018,3.0,717.3212528038291
58,32078.01768892059,45.131057981760826,39.97785224066581,5.0,652.6224110498642
20,-7101.683926566257,37.40453322416083,1.326639249425911,3.0,596.1185011353125
56,14518.14577894287,47.38810480887503,33.21549432892808,4.0,655.622251988723
23,18932.64094022715,46.153674840130535,4.516662632567041,4.0,623.2920949754016
25,14208.654381279419,30.645612979554045,6.503081448525302,3.0,643.3371352818078
44,20160.16663647321,50.85982116175032,25.969167866228034,4.0,687.3628627146466
26,13184.339330653931,34.64036554885952,4.965985941027471,5.0,680.6014262929604
54,30475.81705361671,48.08057798281145,18.726314883474593,3.0,635.5843137323352
50,19602.403196906387,43.67287313401341,22.579064287913376,4.0,645.2171345494692
59,21716.952745976872,58.38183676795123,23.166653731493412,3.0,725.4336029844891
61,32458.452550976814,37.76534017628148,21.982156616984188,3.0,707.2784584376739
41,10716.272223849679,36.506832038818025,15.64490851212709,5.0,764.4695241912768
32,20082.52755714472,39.805803941122676,12.486167757526655,4.0,729.0889362442211
49,7474.163957621597,36.968202171657246,24.2758007139886,3.0,714.6888173856186
49,34791.55637325643,47.9994190194205,20.34805883276049,4.0,615.3981288504664
41,25225.97482413043,23.83689391563412,19.024933063166277,5.0,713.4189924058015
58,31560.297343138758,29.46317580853646,24.640363606176212,3.0,678.9049572582933
29,24326.90983945514,29.32197078420807,5.5790979533964675,3.0,646.7778196625427
56,44654.744444625765,49.50307591973576,33.52271434229212,5.0,703.0555114712522
19,19643.700650181305,57.10613372581925,0.8118715424320045,5.0,716.9042773807555
20,-8408.742313316452,38.955507814625285,1.7623026245009599,4.0,666.6328372368941
54,14204.230332642985,38.311782768099896,18.700884300377982,3.0,620.2805402655399
34,10751.814223043211,40.700521631131814,14.696957022645218,5.0,697.8747599026742
19,9760.910502108338,51.61878302608191,0.8097631000181517,5.0,627.8815333983101
19,14676.59020469123,30.72646865809426,0.7816976753563201,4.0,675.5107461529055
45,15242.561868465345,42.38368982734785,21.932289649546178,4.0,650.0750584946087
40,21867.667644770783,49.7519762978243,20.508765715552002,4.0,660.9243550579895
54,19446.170676466776,45.01094169939845,28.564857118060324,4.0,707.7583194284922
49,18384.821970080517,41.89581616598743,24.504730888266778,4.0,616.3751359792857
50,10933.389031517778,50.01046092567141,31.850866513052253,5.0,758.1931427453644
18,-232.33246110904292,12.967677070007628,0.0,4.0,558.7133640741661
36,4483.1539438366635,46.77875319530908,12.98064424906022,4.0,624.5997697810939
19,-258.73252977332777,33.45924316872576,0.8536985000164639,5.0,668.2518619673137
61,41036.4179660784,21.693671031435432,29.868455141373452,4.0,720.2521262878439
43,12006.01111168057,45.11202599524981,15.360943281043738,4.0,656.9822250830953
49,50823.820648373905,53.73658545162958,24.75120409176027,5.0,697.9542854982968
23,16433.179008808893,38.62551485372308,4.820455245284879,3.0,686.9606832751897
49,26348.36123694874,49.528745472029385,29.901662560239675,4.0,664.7948873640647
21,1916.4221981878636,56.122782579886454,2.0128579171582355,4.0,721.5754850949332
28,21003.098794089914,53.14914453584048,7.638387331108475,4.0,712.9705545056701
34,11243.62173762226,56.39964529371393,9.69308718855889,5.0,704.8848392879039
55,28720.098146453616,47.42127491071892,36.919175525729344,5.0,630.4122619779328
41,46100.84538268794,40.754336389015926,22.782855940481262,3.0,692.1314241624027
22,10039.4010027535,23.980341881028316,3.299017859414895,4.0,645.0161035667184
51,36992.73326285676,37.53937511870051,29.772831984678312,4.0,636.7126644783834
23,4468.235748741126,31.567534046838084,4.28775040320925,4.0,672.4764449460295
39,19150.11509503038,61.70942717497814,16.728161299914415,4.0,642.2678272060396
28,31708.0063563551,38.24114187567663,5.266739984944488,3.0,714.4781978488669
33,10230.329422122326,41.23204806784486,10.910732569144958,4.0,606.7207512774057
50,43124.48557996929,45.51485376040468,26.79658083467857,4.0,779.0765162220603
26,20077.519354554755,40.436024463724536,6.710126455534739,3.0,625.2608864249517
23,5875.332241057324,56.95051040430753,3.432806546055959,5.0,666.8404491010791
33,22824.07739055521,33.77350638265548,14.56268989993523,4.0,712.4170429099586
46,32725.5444962673,41.94607455237243,16.342998451314934,4.0,654.1935229862617
20,16218.099622171965,32.57529414301952,1.5003594462155605,4.0,708.8415317938195
37,2797.7528010954356,26.799774887792942,16.063397777232815,4.0,591.3385729110746
53,19228.628241751314,33.882309090947146,29.69987660310666,4.0,741.8345132008793
36,15524.813644484952,39.62963202951588,14.83775061091934,4.0,666.2322768927729
43,20755.66570899954,35.7069777548274,15.941102668148252,4.0,640.9350953105555
20,16206.72097550678,33.07579020126144,1.1562065686866219,4.0,651.247632354135
36,19777.010009332538,25.936825363281663,14.723462941440397,4.0,710.2229734789686
37,5146.556412898988,39.16894427371305,15.193370103324659,4.0,625.9237918203771
49,28301.97851005963,24.952796259689975,18.280018159483234,3.0,640.8340940389207
24,18105.85745283823,47.60055963689602,5.11541743671169,4.0,657.0290275736513
58,34597.9044793104,40.824397529345035,29.103439834673132,4.0,625.749798840812
50,35807.80725554622,25.424485005350697,26.68416946565045,3.0,776.835002652637
57,36839.22154548904,36.907909229501364,35.82865805551794,4.0,658.5194919847529
56,32591.800792284368,32.478435944094166,22.22484014296154,3.0,724.1726401013045
35,16798.34288541353,43.1917451041918,8.662731377973111,5.0,677.2718470678021
57,11890.390664840084,53.40450446023144,34.69250043471784,5.0,612.6636881407417
18,13296.182191325857,21.248275303542556,0.0,4.0,662.9984467306895
28,16076.876871631111,41.150260791474174,8.498197848110609,3.0,705.2770158371685
45,25215.788371953735,38.398672044333594,24.815092162346673,4.0,665.8027216176384
42,8232.514241796905,46.713400764504655,21.633731217894006,4.0,717.8881615343483
40,9189.434595917377,42.131966282376894,21.570121616217072,4.0,710.2652042350106
48,34531.52853332904,32.48030668261181,23.03902618278177,3.0,730.4772712662455
47,23104.44846143345,36.80946064333382,21.583186673568626,5.0,650.1216098477836
59,36315.006973726246,32.03974143196511,28.738687597759967,4.0,632.3228845846519
52,26283.183761304612,50.76007138598598,19.612747728351476,5.0,645.6038034931648
24,12297.561394957453,40.21311648671942,4.717821698646067,4.0,672.1096084282935
33,25882.838059759975,59.01190685753008,9.57759393244484,5.0,703.1721737363777
43,16339.55271782626,39.39339186185379,24.016343902662193,3.0,557.7609824798038
19,10461.207769409833,32.91593233089537,0.7915954021385487,4.0,660.0555476888223
18,4377.247112949575,24.86285607387173,0.0,4.0,662.2817083791089
29,10155.037725676844,21.96860323744055,7.452085634823555,3.0,646.2778249098992
22,7908.278765313606,24.158640569945103,2.103978703955415,4.0,722.4719707161075
54,29221.33771633713,42.67126651011483,18.571387776713795,4.0,700.3103414288806
49,19712.513783365226,45.08725023229934,22.061694734374562,4.0,735.2221091874101
26,25557.561255735207,24.188092979678665,4.338261512388952,3.0,664.7595352382236
58,20053.92697780496,48.950383140761154,32.13693911080278,4.0,716.9278016031512
52,24131.28355838641,35.1693894831656,31.976541095874175,5.0,755.8846032847623
36,13602.68941725825,41.467930119855495,16.9462333486685,4.0,729.1873618808913
33,30969.77884353733,56.122206282554245,12.442840575991744,5.0,626.3626991721007
20,11965.547765115747,48.96839315865532,1.2112318314729311,4.0,649.2817438879966
37,28818.44539468635,37.314693520941674,17.698469897909284,4.0,661.5602101221965
41,5644.396269630281,31.088077745847126,21.690074506101894,4.0,680.1071230234467
50,27670.50265869259,18.48184598670695,19.14645735924734,3.0,711.9881804094192
41,29396.30795623437,32.8084668075758,19.98039998636279,4.0,637.4516742549475
28,14822.839892754242,37.88869761172305,6.432597744635615,4.0,668.2147655886012
25,23154.80375065351,30.12820472848816,6.309241093235253,4.0,572.1584371428467
53,21327.115498996278,38.68743032907695,34.95166324831305,4.0,743.4243657890908
55,41593.4744018558,40.768518829587684,19.055481098593766,4.0,665.9747623680212
57,51488.9812361925,37.751440181919214,36.99863438292317,4.0,704.2821782284173
37,14871.61439560341,33.4999741917654,15.414990069187253,4.0,649.3891286962004
52,21544.974785992283,41.68654671966728,33.54750452580196,4.0,728.8463535366631
42,35533.84477117701,44.41940649569409,17.580114210317134,4.0,543.658522701308
52,41795.721457307125,29.09600922557154,31.40559481971335,4.0,690.9652043410116
42,15771.399728467317,54.1093237974627,12.748728823179325,5.0,660.4804618535825
46,18798.131829041427,39.014118677157384,18.69390670109614,3.0,646.1163124494573
35,14682.153911394927,40.188496229448475,9.069640570885285,4.0,750.9934811931765
63,18055.49488965723,47.08214423256557,44.44522050327909,3.0,623.6890219468687
35,8313.480535158018,42.332161312635016,15.444278211810612,4.0,696.903289396941
19,-541.4076675206779,49.53136633913245,0.9262737106229852,5.0,667.2712317677834
52,18322.024348958716,42.87124165201824,32.9454089343762,4.0,731.3979869757345
33,16153.151126132188,33.87562625359562,8.138276145898391,3.0,632.7936968872569
58,31342.147325365208,43.61503525206102,27.711951850266665,4.0,644.6937023691772
53,42005.00492814077,28.562737926793382,18.743110558270036,3.0,746.8085003020108
50,15016.459592612091,41.085597057765234,19.372689624800458,4.0,686.2825250091176
21,20343.22398476584,39.66770009355539,1.8440486655565087,4.0,593.0963566509279
50,22860.11155774491,37.918831427274604,23.50571537676126,4.0,645.8948608345813
31,15005.36290347567,38.71462488561069,8.245654088448678,4.0,684.3244955958787
38,25748.194921666036,21.18150954502361,11.009781068177611,4.0,717.6364059989955
37,7272.779784377013,34.512750922590385,11.091165346394023,4.0,623.3112471247292
25,16324.097461840505,40.928449011411146,4.015464472432318,4.0,520.6112979709935
24,13664.522082130561,41.598563919974005,5.919230393736894,4.0,689.8256813689823
20,14924.512640081492,29.72324859074042,1.7592925069184737,4.0,603.9084781428827
34,19891.68643907818,52.65707840864701,15.742091722156495,4.0,569.0247465329576
50,49553.00139910894,31.338251517854992,23.03584778412654,4.0,557.9367051499019
29,8122.6001574868405,49.69457200526737,7.031026649144612,4.0,698.821643167374
39,14190.030449981823,44.27194361871685,18.88207857069646,4.0,670.6209029702301
39,13268.594735752356,33.53772690156197,13.92566613943204,3.0,651.9857757001398
63,25945.228808397453,57.75310892609512,29.236125908370333,4.0,745.3964469565356
47,17126.128726934825,28.0636316824352,17.871336887013552,3.0,698.9923628780884
55,39390.165311075514,49.191541736100014,20.899061097148355,4.0,770.2051674471713
55,41705.04247989855,50.005823180429786,23.24456662881017,4.0,622.0682688715488
62,25292.53706250524,33.293797909233554,29.81703446642553,4.0,673.5650058648071
25,4176.444268957714,53.92465300064329,5.858979728510056,5.0,573.340775521557
44,26714.155563864042,37.49953485401047,13.81334294885287,4.0,665.2450389710907
44,16477.769557190288,42.88693629279857,15.736590215649459,4.0,654.0469768688564
51,31829.318177555106,42.603218387712204,29.84889006481266,4.0,713.1600000407087
38,21029.230208512996,38.65691258529452,11.469219235837706,4.0,673.3074242656079
47,8342.55885002768,48.10808273159782,19.468354624576563,4.0,689.5129157640234
50,40475.052013300614,47.93488720552213,29.83454274973024,4.0,725.6470586702453
45,40458.776730955215,22.514680267618193,15.591491700436475,4.0,798.2052106001123
64,25872.11309515614,53.043402428781526,24.90294721921837,4.0,660.1072803308499
50,21122.984400640158,23.375080119643258,23.752607921280173,3.0,624.0718493673212
22,13858.653907249049,50.32546204341657,2.604839022557073,4.0,676.1628346730695
36,21344.56789987025,51.26705136827583,14.070675280354687,5.0,631.2305665428931
21,17085.442726728303,29.09033569784802,2.705707335725213,4.0,741.1834811485551
52,46102.0453876635,35.891857120454155,19.331524298596634,4.0,681.9411434404018
34,15230.527725059506,28.94295331514064,12.64559267643428,4.0,636.9517093313599
61,22517.027554615463,37.850789697112646,32.36843834838207,4.0,648.9512414970595
45,8706.807719854727,36.919657158142584,15.445063611178194,5.0,694.6276788934368
47,16190.69960058081,47.796605322693395,23.547978040170246,4.0,658.3033504390066
46,22668.73027126203,53.10308746119608,17.830965850050802,5.0,640.5853892647428
63,49445.57863517788,53.95683810789956,33.47627216724028,5.0,782.7131745163545
23,6323.887009638286,34.37831973421698,2.7056808106926544,4.0,613.5153949765507
52,28237.879516388984,37.90778126255472,24.812928972631592,4.0,680.0161832180386
58,28835.77103927248,23.165618077790498,26.12926936085641,4.0,711.451078619784
54,38883.93273448084,31.94129933503811,32.80286180133638,4.0,607.3171772136271
41,45769.32425873622,49.64851633097457,12.155255360469734,4.0,719.7823493290325
46,17691.312270796792,56.15582823548232,19.86050184885662,5.0,614.9359284967743
63,26605.60557481778,27.65651128120078,32.81470704295735,4.0,717.7447446165179
48,34441.60877069072,34.075357408471056,25.87509114448678,4.0,636.309058174742
52,32818.914896263115,39.73594243041073,26.762888776533586,4.0,717.4573664887062
50,43467.07325736033,42.80161158819607,26.6753973951069,4.0,748.758726572096
38,24839.28185325964,31.90396480078354,17.77049285651756,4.0,717.9111081348999
49,20907.079092129403,44.24061044464089,28.864146091701926,4.0,683.4729115040345
40,25906.548306923094,35.26160652929084,14.452630463947177,3.0,664.3415011604382
50,36087.03580582907,39.855477291217206,24.60836328582245,4.0,657.2660569890868
20,18204.82181197364,45.462842480037,1.8401080784391999,4.0,741.7565563528289
35,22572.74031107298,40.064222698109376,16.91033461320298,5.0,637.5979793026908
42,31666.74689589154,35.63614109473431,22.674231732525158,4.0,629.8134432173916
59,41192.95590445673,38.90390196074169,28.115078883799725,4.0,724.4614026560982
48,37821.589910375274,39.11637040794665,17.927497758279756,5.0,648.0147497510504
20,16487.098875896427,36.29988970117872,1.4893925374065886,4.0,618.9839240025901
57,26828.819196831457,37.41203937332897,33.96200831080282,5.0,604.6486060883432
63,32967.13686433323,55.986471705047165,33.58280409194919,4.0,658.8216448913074
41,32565.089665083568,45.60919447941239,17.056579928107187,4.0,678.4293384702588
49,16330.643290127638,37.045196819708394,28.492571526767907,4.0,678.4852296731626
64,35686.733088729015,46.969544045107355,31.31228691854529,5.0,733.2520453037032
39,15566.611876726394,36.6618051024399,19.52784408552228,4.0,691.9115080600161
40,20287.448229348174,51.73124637586641,15.47485281046896,5.0,660.7438372516892
19,22284.51862607299,43.69642192198094,0.6641165528391697,4.0,662.3747348070871
44,23910.990680199033,38.92697855995771,18.901868845596088,4.0,699.4188641259582
59,29964.365481561486,44.477169258102776,36.130162652834805,4.0,743.5928736279899
19,-4098.561409799193,24.291238479315005,0.5630010139319972,4.0,652.2171485643607
43,28962.535660272206,28.73232531090195,14.955240198400215,4.0,655.5059929497518
34,23454.841811410755,28.060749936009444,15.611558605304737,4.0,623.8115417571336
57,50132.5472330546,41.429430947637066,22.922086733936467,5.0,627.8722840124434
50,21922.217650469993,57.32514999485092,25.08363708689687,4.0,705.2357012526461
26,15191.503276639389,62.31300146192632,6.3172578666477515,4.0,694.0904294586173
60,32493.836837107552,46.380511014407574,31.282113703055142,4.0,711.3620130924406
56,43774.53279763475,45.00844474944457,31.250159722959552,4.0,687.341560480032
46,22047.044676130477,21.98942265847261,17.21757416116666,3.0,742.393781970718
59,32290.215257703392,34.57326200265978,31.829576489423335,5.0,658.0842905284625
43,27578.96509716539,32.12216248091761,17.152165690586212,4.0,725.3424269575256
52,27866.09123156358,33.79152401748884,28.248343413696215,4.0,675.9289464820864
42,16535.663854494716,38.318561814152105,13.694682520477794,3.0,636.1181256205278
41,22440.899928983075,35.27909422302873,18.065090293653974,3.0,702.0674152948711
30,25736.31749859772,20.207001896242122,7.111622132299942,4.0,696.2181234327974
24,1734.8470058893981,47.47910256117534,3.8359291893451095,3.0,669.5834849692357
53,27829.69674146876,29.272569742601934,21.327421505662706,4.0,681.8936178442787
62,23998.791850608268,42.39246864111149,26.022431157113978,4.0,672.1041377647667
37,30450.466289248427,60.740826697499735,17.34425403982634,5.0,799.8690659327704
18,-6231.869047837747,30.806154084135766,0.0,5.0,702.9809632119709
25,6910.781527284116,14.697124772536704,6.744933236525573,3.0,693.0521262765598
63,35272.11875064521,37.139957781198895,44.3233468202668,4.0,690.8620766608146
33,32155.240292343406,51.00959634998571,11.78445352452823,5.0,732.5131003221768
31,14842.497389270122,59.583474542205934,7.429507297327222,5.0,690.7422362088427
29,8948.004733068017,27.70450405547583,7.5600153385876965,3.0,660.2582423717698
40,38811.570694405906,44.966992232365214,19.775054896830355,3.0,673.6333544311101
32,1519.86099583756,35.34689543219947,9.571735100879494,4.0,647.4739941127032
45,511.94043379918,38.94051645695864,14.674732447087646,4.0,491.9906536398964
51,29900.144500533323,66.44343347017035,25.6869510303151,5.0,690.4301864654154
19,4479.457756473888,24.970296716048466,0.9225604257480173,4.0,630.0556537509558
49,14287.671828692868,42.537396614945735,27.836859000724285,3.0,743.921171742837
40,27083.564472993534,44.676931717654334,12.926354541433886,3.0,678.0507680135812
39,21938.00713771199,50.857863249393475,17.5640284513309,5.0,612.4898361609639
42,15359.213692632717,40.97983153470896,14.646051161227765,4.0,662.8652059862268
39,6696.956013291056,43.08050539504102,12.79117911279781,3.0,604.3909017601658
39,28224.573282801444,36.08351432578209,19.677753619704443,4.0,701.8949440684247
59,36002.01177958661,42.69126941245107,25.618213531174717,4.0,700.5493799965609
23,10508.24136220617,36.5680772450259,3.158118366295028,4.0,708.4002229176195
32,34466.36996047666,46.21571889856051,7.004573735329097,4.0,644.9222803757484
60,19299.152336738473,36.30389663956366,39.28404971663587,4.0,670.9995571481459
54,11744.748290752612,43.77100393902187,32.26670663776442,4.0,593.4936585194208
50,18080.919301187554,39.707371863150215,26.03726296145085,3.0,703.1556583974233
25,12044.139836445022,51.26050250772168,6.125930173785948,4.0,687.987698858451
61,32933.394493226915,39.48606276411514,24.769044199626574,4.0,707.7236455446055
61,28087.639421436703,22.269675317931185,31.353957283632873,4.0,678.1685909892838
22,14520.553965142968,52.619215007139914,2.702438774697562,4.0,685.2591985045825
56,15484.605758095558,30.94267699137381,20.781753998883314,3.0,745.7015611735253
21,24937.646040732594,33.4623366135118,2.229195727822386,4.0,660.6829331886319
23,10678.488216074313,34.04338705956508,4.801849125856589,3.0,667.6107474015786
62,42172.958315881275,53.74438093170817,22.88130061911528,4.0,637.8666433568108
49,27927.25346377704,18.643257860213044,20.017644159153804,4.0,634.5142053838604
47,28067.532191537837,71.37748533659993,17.5093435749827,4.0,682.9581968462031
64,37697.67280232204,50.56056809066052,28.477373034311015,4.0,742.8943501374174
52,30477.08560017315,42.2323891412916,32.44338738194938,4.0,667.6630443875945
57,34927.22759867544,39.451059993837134,28.62734655756866,5.0,673.1314011330693
33,29791.525301324313,42.85554074857657,10.997245597048641,4.0,659.4472630761056
30,16965.2116970147,45.211224283793385,10.563453854731694,4.0,640.2273781547985
59,36590.03757588512,46.45215585950057,23.667090182100978,3.0,701.3386103613262
47,22602.643057127734,45.55604466003449,21.565347634450738,4.0,597.7397607981954
36,32401.17215449473,40.895806812552486,12.86986692708954,5.0,746.4481509878311
34,10236.076979407302,38.02661579692674,12.775285524373249,4.0,626.9649620729343
36,36009.40432910816,38.487267163464885,17.996019329253947,4.0,722.1045786010153
45,22098.420493556565,38.05091719647319,23.887560070107636,4.0,608.5984906238627
43,7192.248978819518,51.337700968670646,17.47332128771784,4.0,690.6342555061304
54,28281.044149107893,45.935567222808615,32.895954940932846,4.0,711.8782745398328
43,14689.483425251192,10.596113653357197,14.633854541406002,4.0,683.899587025546
40,28406.43548988724,46.55900776529761,11.335100549398561,4.0,628.6850093998977
26,6473.760206976091,41.94736194718775,4.817793489857092,4.0,668.9511696868799
29,10038.165667852203,39.81291243554102,7.372263558628427,4.0,600.8853564311328
18,-9895.40730945531,36.11481546911114,0.0,5.0,627.4664299357354
18,4476.9368075092325,51.24112719986013,0.0,5.0,705.9475918552755
64,7761.2067337104345,49.475264621228575,43.9439314959317,4.0,697.5963030872475
51,9660.971765142767,32.27122332176391,24.91259115758255,4.0,660.4201188921644
49,32104.146561442973,44.07052287124535,23.269772491698806,4.0,633.3638177653008
42,28858.001586508322,30.283432654587138,12.602916117875784,3.0,711.1373871952179
57,32754.57561784965,26.203818352110694,20.180775276796364,3.0,683.723637502751
62,21330.23856870787,33.73282775410035,34.12551916216019,3.0,555.3144586571867
18,8522.8864385802,48.62393472382759,0.0,4.0,697.6543777544061
33,16463.974609094315,49.53125045376087,13.793852962352238,3.0,665.2523329156097
56,16416.353108074574,45.130854200972934,22.05291210952506,4.0,726.5389155072281
22,26033.983017671504,47.25095786847997,2.049943324234099,3.0,621.2704570755313
39,28273.622905756714,45.16178287114958,15.214907063266322,4.0,519.4384322459567
46,20790.35826170336,33.585184047770476,17.324699794531604,4.0,684.7445511789625
20,10268.858389945308,44.31922544673941,1.0496143733388374,4.0,674.8470422240439
29,16583.828079475526,48.00409525227683,9.48529057766196,4.0,582.0502466991529
43,1082.6513157570953,47.542913298135744,13.894912499465594,4.0,602.1576740224267
33,14028.22617479403,51.88913371474643,12.062396250058288,5.0,801.7891133607891
54,20180.157520022014,47.083038472010635,23.058895503004006,4.0,654.8996268123318
39,9483.799901050845,43.51448207541583,12.321708528727731,4.0,696.0317487198616
46,20188.997071140453,50.701502383164275,19.316521320870443,4.0,637.6560057027212
31,33476.865268495225,39.7347874075094,11.7093975454492,4.0,578.9617203258374
45,28908.428612670097,31.18125348772282,18.79326328821173,4.0,670.3955162728748
22,5288.210102172032,38.36933036056236,3.501539298422111,4.0,642.0079820878667
64,37725.827813561584,32.55097355193551,25.886184826380465,4.0,667.7319158801431
47,37493.55436586002,33.24821725025618,25.70518558514365,4.0,681.7615125905404
63,40746.336829127686,38.55481329284482,27.830999810399597,4.0,703.9597504114096
22,11596.30369920174,32.075800790000386,3.354786259777746,4.0,654.0904561365114
29,8030.632222944261,36.9203847036096,8.61179855162548,4.0,594.8303238255761
33,23482.2331361359,21.063853330462145,14.468585379087655,3.0,697.7914727142328
43,25434.853854217497,42.13293707372939,17.341531474691426,4.0,577.9662660880964
43,30451.932200277322,40.012054753622245,13.327064860430504,4.0,577.9340593360672
38,25351.718016819694,31.829113689318092,10.19155485551253,3.0,712.3107427518981
56,38495.527153193354,46.59245668432405,34.71031265848231,3.0,713.8465407599613
53,21147.64788439432,49.37570137626558,26.682873659075064,3.0,668.2778796306926
50,38173.94065634326,23.92440135631026,28.40390482935919,3.0,618.4015154185896
47,25475.996046923996,32.37275221433786,17.89917120016696,4.0,640.0804490132202
54,47752.608726252656,32.30857650212702,24.211507419238206,3.0,684.6152713419275
40,13108.121819104323,30.600968988911355,11.331142594324508,4.0,583.3134233903986
27,30859.638031652492,48.294748419317486,8.826715460583506,4.0,643.9082051304908
22,12979.107834626479,38.06173861227197,3.3357358134016266,3.0,695.5956247434605
53,19985.819963855516,37.35485158689389,33.831089035787855,4.0,741.3510881783163
51,20661.141659456785,19.961376355932465,20.880690722579693,4.0,649.6894040265292
48,20796.5269180568,46.35418030209226,24.171954168384914,4.0,708.6209446338617
27,17741.659464019165,27.607416051465275,7.55324985731687,4.0,572.0386559346457
36,23228.354880354997,40.599326302663286,11.857947302318296,4.0,706.2009169360356
49,18762.99996061421,42.773769379581914,28.645693142742267,4.0,628.5655792242402
18,8756.454077390172,53.60658595838651,0.0,4.0,674.1237349127887
22,32422.703586118638,26.911796008808878,3.769710235392009,3.0,670.0350826741332
62,48275.43170100711,10.0,38.2594734706662,3.0,764.2961321901989
21,14863.236696740321,41.83849544753695,1.9161970195874312,4.0,621.1414542797444
33,16880.034781682003,58.005111815108535,9.612120315792238,4.0,698.2603496597735
41,21700.313267182613,52.38946352939438,22.578643685129435,4.0,657.724940102356
33,22635.179727304167,42.096594152746256,7.57713371951769,4.0,664.719905826821
19,-727.9256519840565,35.08363814367953,0.8580249866210723,4.0,640.0793796900555
45,19926.23462576655,48.071225966373106,23.03432319449604,4.0,627.642579401061
49,7814.159261224104,30.264538002955312,25.15168788472186,4.0,657.1092109658905
44,25992.23122605279,44.76357769356219,25.871414999129254,4.0,672.8598201199617
37,24971.95939702741,45.054701591666266,12.46285463975539,5.0,687.0339718173639
41,15668.13537700626,50.6020990749888,15.409676433622355,4.0,669.8933926616494
29,30239.86763290033,67.59660038911078,5.934166716206056,5.0,720.1395951135121
52,13742.343369976588,43.92415967178767,24.527568321243535,5.0,709.9177741723449
50,10356.251197901798,34.910363742925014,20.17677641975757,4.0,607.8250851065117
50,27244.51818559972,39.74425687808006,21.494187234842308,4.0,720.6831432151383
60,40470.98302612155,22.30924095110882,38.52600759536818,3.0,631.1541616706288
54,43839.27691457869,33.05286868910942,34.83872124349492,4.0,723.2320713214655
29,9911.1573713106,35.90717561886896,6.521531896028522,3.0,690.898096606454
20,20786.808334312955,34.759116020654076,1.3725089315534658,3.0,575.2209637511877
18,8614.915304992928,41.52354872033722,0.0,4.0,663.2638776314634
50,23273.727000591804,31.775800676177994,16.988935371027562,4.0,649.8489213325761
57,37336.599374866724,51.210306673244716,21.301030298171877,4.0,649.398336478098
27,20023.228784134197,40.002070649181974,5.232559451428032,4.0,737.5658453190845
60,14236.078430157506,39.90699678861385,33.49946951666437,4.0,631.5521213982865
61,45265.40349725896,36.72105283487082,24.73515382662894,4.0,654.9465570413564
46,36800.91354147452,41.551906838589794,27.55306934031027,4.0,690.5856605417292
30,8744.372984904705,48.25098264667635,8.680287163551123,5.0,693.0238602998255
29,18458.03533437409,31.328697842890996,8.258348781925914,3.0,661.3756060338678
48,28940.30186282739,33.41883510924743,18.6998792370811,5.0,737.2588291462899
63,34106.73765823907,36.96273971223335,33.096605679781504,4.0,710.6555207564436
19,3996.9484615457986,26.541290765267853,0.8309568163185057,4.0,545.0863824749742
52,19283.766320619485,31.807421402785025,29.770011328218725,4.0,642.8104181452691
40,19744.459290085546,35.23779126455341,19.292548909809042,4.0,641.6523543225005
34,28727.290192593646,48.74389180712728,12.623128901552708,4.0,702.6953378640648
43,26936.001545944324,42.62561329001925,23.804497187423216,4.0,545.6951487272388
25,8793.85667913894,41.93589911367545,6.360927465571383,4.0,786.244342115025
46,30716.987106483448,48.50897962167972,24.598673605780757,5.0,707.2682918511939
43,-6985.426206300755,38.62628211600603,13.195069021005757,3.0,650.4584139895838
27,24987.657003721033,43.904648499288896,4.530950829988422,4.0,734.0660428246783
43,4102.862212219003,38.96778247067504,15.15559096494341,4.0,771.2855648528503
51,21875.59058596868,42.653623493996285,27.448139299571963,3.0,715.4129228153888
58,17803.301053738563,34.17241342388418,28.223949777650915,4.0,715.2439558773195
24,-946.8147572090584,15.61182841723571,4.2072187778979355,3.0,655.58768646601
21,22108.267873785197,38.65720837813696,2.8268803323444205,4.0,665.0319802054378
62,26322.987986881086,54.227481360999406,41.702382658900454,4.0,652.5332157866361
28,17465.03881730716,49.26215402241593,9.54587632026793,4.0,626.15943923158
46,22530.79421120816,49.653974845911705,18.39429307121038,4.0,638.1800892262332
53,31270.408272231216,52.36130721806218,29.59347672293708,4.0,613.742610055082
42,21768.218910602554,40.88657590961437,15.259598175292437,4.0,667.9746463763513
38,6170.077758114303,41.973157074055955,11.906098330744497,4.0,571.936698896795
53,36462.6681944714,33.8234810456565,20.73106800357896,4.0,696.0084944016569
27,8562.434168386875,36.8392714397295,6.039484293886173,5.0,656.7459037662697
54,11434.181013402489,46.15771149771142,25.73923715603679,4.0,668.7809459327369
26,8718.848390340874,52.038844371688164,7.323796684220273,5.0,632.6122698893413
41,35507.59790634311,38.60553724319001,12.87874757493619,3.0,839.3506164153682
52,34502.21742113493,35.498107351485885,29.493739405713203,4.0,752.5080124301505
52,22513.478655921408,40.005279588565976,26.034733541218188,3.0,610.2863536516853
53,23007.422956815713,46.01206748929115,22.53904349682987,3.0,684.6508273281606
35,14283.649487826173,25.56145183866458,12.68896646852901,3.0,633.88334234096
56,48767.47983560841,17.03819046862762,24.698899325763428,4.0,648.0434935002377
49,28319.354522315534,34.494631505084165,24.739270306193745,4.0,611.3157509661188
41,24800.416471910696,27.792875740858413,16.489205112835307,4.0,696.4112510098734
40,30302.83454031842,34.91859802352689,12.808460819867667,3.0,646.2338227868397
49,26887.891590265135,38.52219681182528,17.307037655613296,4.0,725.2791927915252
54,24409.57854179297,35.467515909769865,27.84052227729834,4.0,724.0986892683148
29,12536.501509150217,54.524675344707454,10.463271683073568,4.0,731.2322207697226
30,14283.98740585936,43.2674476460232,8.063746119346114,3.0,621.6646491021542
40,19627.777634901584,43.004743596108284,19.063001179448857,4.0,693.3960581695021
42,28276.295436369797,46.22207144043402,19.903936259277202,4.0,709.8990062684848
52,26519.458858072994,28.611668822192307,32.83643354326118,4.0,652.8105501028748
58,36326.400772155794,50.391117874202685,36.41962034598282,3.0,647.737802902512
47,22692.834198914177,39.2423571346454,22.71577625412921,4.0,753.1688674877128
34,17786.351903160907,46.70480617241213,13.256243985872858,4.0,679.1611456897637
37,-1482.006845321077,29.281427669598443,18.034671432548333,4.0,680.3163806902659
42,30163.276747024815,24.462412339839357,16.79422541504322,4.0,639.0594761556284
39,22964.884758979926,48.17889658025029,13.931344411506663,4.0,612.0006614328702
30,24980.101098596522,43.76409526097517,6.064866501811179,4.0,646.5076123739909
36,-10962.553781936891,30.979484456424895,16.43895966772318,3.0,632.8363768485633
53,47383.74704780728,31.303369187253054,31.517162257058885,4.0,644.1727467069397
29,13104.103718448263,51.254347844147695,6.074499849550832,5.0,662.6118632859292
58,40081.82816737516,28.10588107132672,31.537147622654004,4.0,605.6565687639502
36,7600.940728744692,56.426729532559634,13.175835283501986,5.0,601.5985696052511
29,20627.739050625696,30.99379265352131,6.152900025300113,4.0,704.1733014644694
26,2465.844368263439,46.38391925608383,7.922272908242894,4.0,682.6553703821581
24,5762.310393041948,36.71381524251015,3.6440876623900667,4.0,636.1684721236986
45,41640.31353866786,46.03187431082343,14.407661431222575,4.0,640.7520980848202
31,13593.175992366534,34.558859978858074,10.366507966762413,5.0,612.222998416066
48,26174.328731797228,38.37207093927706,26.08300015699549,3.0,657.5109164347315
36,26700.67730688754,40.40919175395721,9.291991014424683,5.0,708.9266018891522
64,36956.818879726045,29.978125442185274,38.15050569072151,4.0,733.3691034469423
33,18004.189051435766,47.408243454201255,11.492189069635907,5.0,643.1776022773373
22,14649.610024662254,34.867864335284146,2.206530017750097,3.0,606.974988725423
52,50034.155852382755,37.714000846599816,19.932905908088156,4.0,713.4263377456994
29,13923.812029664146,30.056506253914876,8.623858635238443,3.0,622.7470634983717
42,23010.990467149673,14.376663412046895,15.55629136215946,3.0,647.0983585240896
38,29506.54396007612,38.08972237399831,19.38315728651316,4.0,745.770348481928
53,37555.259329579836,64.12615421612915,31.827954015970892,5.0,728.9110307578683
40,31870.3030556038,47.84604287898024,21.819239271650293,4.0,689.7690186681764
33,22887.302220291847,39.80739620265605,9.447531292128104,3.0,609.2913521646557
56,16569.950872695164,37.37109170791732,37.42474902316156,4.0,677.139779246228
62,47334.31532301096,40.22465892812046,31.487145135414274,4.0,750.4671798623873
59,18036.54606981312,45.4711911517521,27.62413530393197,4.0,649.2548627815363
56,31026.35465239033,28.191871846911553,19.956641012417712,4.0,748.5820591517261
31,7957.2414998064205,51.143216946688725,6.8429741760874165,4.0,722.5945059757167
48,23358.616534070075,47.15381315441244,25.380168839199822,5.0,756.5452581412437
22,14287.624103034805,47.18185725707934,2.915857988868056,4.0,679.5497804296024
52,29213.57215450273,44.38475738809727,20.850867642613796,4.0,708.5831571448033
40,24219.207542352848,40.1961665769399,17.75367336957756,3.0,744.9285719589074
46,39137.11269058647,46.7286123596682,17.540013655501557,4.0,711.5068095440353
60,34535.3430151398,45.91814133741378,33.130266841232874,4.0,659.4736376256292
28,11558.433647093512,36.45959289058976,6.796043734913452,4.0,639.1312918207004
35,27140.871682883575,34.26398227103099,15.500193926200462,4.0,689.0686193715705
64,43894.70488924641,41.01856295261987,41.876011697635924,3.0,629.3666337919356
29,2223.921848630076,55.49020151495188,8.125427189673207,4.0,645.0609760804205
26,18974.00069849858,27.60892924346099,5.403276437340063,4.0,723.8013566100112
27,20511.727423108983,25.3247473424756,6.131519084515926,4.0,560.9490348648449
61,27524.36496640008,41.647608412365166,38.822862301866685,4.0,754.2484700561258
34,30757.068133116194,40.50887701856018,10.625435862380897,4.0,736.8757790682741
55,25999.44412967473,41.73341664370408,22.36759841357665,4.0,653.0112133381509
24,13255.764534715423,42.439531979085004,3.2540650256259207,4.0,690.425305928306
63,29769.281757161305,37.76797745365195,33.00059521989919,5.0,679.9266681024776
30,15155.790475814676,54.898634386020824,8.89279259351905,4.0,726.6553088977488
57,17537.24913104798,23.990960215234843,35.89771985285669,3.0,716.671406269545
59,15099.491174057057,31.715029752197538,25.035393277144312,3.0,595.0959550149066
26,28945.050632249724,38.96745239850953,5.523965094673599,4.0,708.3081713054586
44,13530.386516816721,23.568111888458326,23.509274605617982,4.0,653.2489938346544
19,-413.9234945630724,38.241455955679285,0.9118118053744868,4.0,653.727705031342
22,-10533.901136037148,56.61470165728018,2.7692221519575364,3.0,603.0575038154722
46,16610.382523104978,40.20886488295962,20.427736326013534,4.0,754.0172359791467
54,13769.102065925017,42.30700905718683,23.459146035287095,5.0,715.7721930610538
55,43920.15160136369,27.398352348274198,35.752265250757276,4.0,656.9315934027154
36,28098.17089342634,33.83638591960523,10.067793891674224,4.0,611.3676405479147
25,5618.496548222763,36.24803619676063,6.7681229805051455,4.0,636.3348649993303
62,53524.35805344309,36.82284903243766,37.04506194037755,3.0,725.2494903580083
18,18817.654869915943,52.81643795003769,0.0,5.0,680.8279470672271
39,16251.686164913775,45.57691060725124,10.842920138237206,4.0,728.9083274033259
34,-7994.05714873573,28.88542043062968,11.804769534576067,5.0,681.5019289603069
24,34909.42572590742,42.46504778432005,4.223244315008197,4.0,733.3878770135528
42,7104.275332364039,44.98221748496785,13.93462574370147,4.0,673.4470453628859
62,14546.012530431082,51.40149038521267,36.441011277014454,4.0,595.0810760198816
21,20725.704320096404,55.805406865683736,2.9567263610524286,4.0,660.9407777627513
53,50897.52406339273,29.849058081721314,27.33830419362919,4.0,753.902011058826
23,25342.72818510518,31.89142488789662,4.286883191109865,4.0,672.7665817588729
48,29639.091200523595,27.42422141085384,16.026756788490253,4.0,704.7936096317109
36,23947.543416652858,37.659801408930186,12.759002962352952,4.0,658.0101276543462
61,39034.15558780308,44.663583744463345,24.00170743103666,5.0,637.5435631607108
56,35589.28589786765,49.87334516589102,30.6431208751937,4.0,679.4220826955622
44,24811.914239693757,39.24048976357477,25.20026805678401,4.0,690.2642863913266
27,14542.01103951876,36.80152476745156,7.477999796122373,4.0,631.7576250664466
43,20874.068721004776,41.51757992248741,13.46003810393027,4.0,659.0885064781713
36,10460.354111333238,31.64857098369977,12.191995844865746,4.0,613.4871920120341
56,25193.24923133226,60.89538721694773,29.462604209376178,4.0,731.1554951095371
20,-6929.568141953856,23.923389728819412,1.403207756133252,5.0,628.3476439786444
62,30016.6037320525,41.847405788957246,40.34016823045379,5.0,752.6543809883617
30,5114.088928490824,60.236062192296394,10.888026028259935,4.0,731.5514814555362
45,11464.106827842292,40.067998445599976,21.759718771393487,3.0,657.4118085917552
37,20298.941511534784,38.099609649985055,13.047850478760699,4.0,619.8765048841673
45,36420.02286344599,36.42554577189573,16.947041045803797,4.0,582.1251289767791
25,21683.16606002313,38.19608318237592,3.8705601137459524,4.0,598.0813124086836
58,13294.99396376823,53.728484746765304,27.09795366973108,4.0,594.6032527188352
56,18103.718634296623,17.88138088670493,26.850277826946673,4.0,737.0272000073718
18,18407.71187988216,55.33433701296325,0.0,5.0,674.1989412412295
20,175.12606461690484,25.76042847549855,1.6581598242975735,4.0,669.6553522692163
30,12753.668500029755,37.333476707655855,6.420648837847542,3.0,551.7326180532735
45,28000.520990245517,35.707555797013384,18.83600075832063,5.0,618.1021995293825
42,11316.555451363647,45.8855326977072,14.181346406608343,5.0,705.670544273678
50,26053.7550614596,24.018756481162526,18.509003285068893,5.0,690.3924606805889
55,14159.745050817955,44.62172666081943,33.80508977013905,4.0,656.7994811165381
23,5486.323560487864,60.243096232868524,2.604788041790644,5.0,683.728441490494
61,33697.81934142537,26.368259954071895,30.512431831895608,3.0,765.4877096482162
62,15070.062664683308,41.89706167610396,25.700480426863397,4.0,654.0179394878307
49,28904.74737960399,33.38017822203391,29.12961834301635,4.0,682.3732375125076
62,30803.622010733186,44.25887206193036,34.25489129205077,5.0,690.4334679472985
64,37524.89954417148,40.19147777415752,28.321754636667503,4.0,807.1303813078711
38,21239.141340646616,33.5851309095569,15.024272871663765,3.0,566.2713281196953
33,30141.404299738442,44.87872284871074,12.986147697773369,4.0,714.3025550391789
38,20252.24502647907,58.04348109786743,19.58118008919434,3.0,664.5121325885259
28,9705.94458874747,38.09096208272701,6.102230021227095,4.0,688.0445308979564
54,28222.97503032284,47.19757942148182,33.95127189832821,3.0,645.3543473305866
53,31932.980290363877,27.067270421288363,33.850321997931076,4.0,679.4847287474413
52,26488.60070325704,30.435636231819913,32.579149257045124,3.0,712.0591296765318
36,18405.916912038825,44.72406277880377,14.718729211757188,4.0,824.0514269642309
37,11480.083121932446,54.84116028535965,15.483296217129723,5.0,701.881892592036
35,10870.990824490518,43.5561334878566,11.927290382062493,4.0,618.467710922965
64,17973.947282003064,36.86941969476845,40.30515129298713,3.0,646.785963180868
58,46495.76743186939,39.99291405423354,30.625880367018638,4.0,673.8250620126767
31,3061.3676460871484,27.495922660302824,10.903347462983913,4.0,563.2792090145863
32,9070.948022040928,46.045153263553665,9.999205326941569,4.0,642.5664384369691
48,16815.927344308024,48.82333062323409,25.972446960647083,4.0,703.4573814353953
18,17949.243769444412,35.4790966716692,0.0,4.0,604.2376378156046
20,7050.503217079722,35.299578522404985,1.1464362566028161,3.0,709.4746357696093
33,28977.42072673734,42.658782296520485,13.74697286680671,4.0,703.3661617809543
40,13265.093757561315,35.63280263959405,16.94326184969338,4.0,626.5534276590095
28,16789.94162223802,39.338673853741774,9.223329545451122,4.0,659.7134597553458
29,6146.529467402426,60.99721789166516,7.87215938487558,5.0,736.062619849454
27,34951.49127773388,37.52974299254004,6.205682184223657,3.0,721.6288819530272
49,12624.015809704872,36.41659847978778,29.68344135401695,3.0,663.0631985546122
33,19598.207102270273,33.52458194364841,9.383769506613008,4.0,657.7140412542211
25,18837.768809320987,47.441919714999365,6.454743138501501,4.0,672.668222331904
55,31637.99097451498,38.18775826781897,27.454380591423973,4.0,656.0498130773998
29,12647.123411222918,33.506269616785744,8.32752493403193,4.0,557.4096481252722
41,19201.793002665738,53.21304032273012,15.047385237129067,5.0,771.3106885294023
45,22938.114719791098,54.19603004513637,21.236069708356712,4.0,680.7043646797612
25,11029.979983715113,33.99576434261295,4.638239186966739,4.0,680.9373432398419
45,32138.791167949097,21.33460048639384,14.030137092262306,5.0,679.2434036741037
53,48605.23001591351,50.07513689836922,22.259975593526228,4.0,661.8493899796841
43,15925.082149921665,33.15370174239996,12.579738042582383,3.0,656.6288581024832
25,-1198.0297957907787,47.90625599162769,6.924241754698998,5.0,568.8322320944936
45,21617.179516487453,20.298961822881644,26.53758733256659,3.0,785.4715044191527
45,48297.093376543184,48.92597338299309,18.834596515876118,4.0,636.5714934554234
54,18963.25432030269,27.888280707192187,31.11067537811363,3.0,617.3649401279437
58,45391.16805444067,47.307641190665244,26.9161219682085,4.0,673.3782078351206
53,43277.0081407644,40.142730678364344,29.244130249004584,5.0,757.6807943833834
44,16464.117582920055,30.460605806033552,23.470590559597728,4.0,667.1895675460528
34,22689.830791852753,35.929636870732196,15.574049957537927,4.0,610.8830409903296
26,29283.96623128538,46.86318456956701,5.600849103398688,3.0,742.0008842691524
50,21208.72259012513,41.05894453115234,28.532767727296765,3.0,707.7587539293992
37,16464.196398976383,45.844129804724844,12.02632028100513,3.0,693.385944259799
30,9183.190860513561,59.764405845154855,11.94199382276189,4.0,694.9699029190556
45,12352.43269307133,24.357583882889486,13.847889583318741,4.0,782.0705277221939
46,16507.224549339928,56.17212574968624,22.44940329101569,5.0,775.7619693011457
30,2760.597332377434,41.04355937523213,9.957035889907964,4.0,618.4248301822126
63,31840.83468259226,31.01215951676872,37.9810250341679,4.0,763.0350843231498
52,18300.26768941358,26.696863742610102,19.046588839414515,3.0,687.4586771773586
23,13837.859117907477,38.10879609222967,4.846324458682826,4.0,688.7926499247949
35,1941.0435379637274,49.2165011192446,10.040057871925704,5.0,567.3275019557973
22,14308.802322144571,38.724508796224654,3.245506806479682,3.0,655.7895140527347
64,40335.28961608925,55.11154930247348,28.121549819830953,5.0,649.6941100992609
42,1062.6435742854446,25.48824309948441,15.68659700425525,4.0,692.4655843189508
19,13240.56569847572,39.87911052153945,0.7732292708640622,4.0,716.794590718616
27,25776.68992473292,27.476065555868807,6.377370383540594,4.0,572.0523723739173
47,11403.589813087945,43.63631882624968,16.82327121415934,5.0,660.3018466128744
62,47725.723868377034,48.868873900973,25.760600853258666,4.0,753.8187991080896
22,15190.19009366045,35.792382063189464,2.8362895763255995,4.0,655.8562419779882
50,17949.881442415914,13.95786143372866,28.11652765240801,3.0,704.403063692534
18,8442.30922342294,41.98948146796494,0.0,4.0,676.0005826047772
35,23083.269125217223,44.367385517335094,9.215085129204756,4.0,690.1662807228486
49,25260.053914124113,44.042947549616976,21.593110567170715,4.0,661.6943050107093
64,37387.55992446369,52.35782191822154,25.30564796562616,4.0,626.5585197176781
28,4793.264069206338,29.289463203509513,5.082962403162989,4.0,598.7167566979549
38,20693.60824036078,46.802161054504495,16.617186826439564,5.0,706.1612339631266
43,7362.855030950199,51.92507512477975,20.030618024582346,5.0,658.3357678068943
42,19887.739386512996,22.214124159934833,13.956229365778634,4.0,662.9621271561517
39,10460.923585352102,43.19651825918977,12.955034747477175,4.0,639.2664214692345
44,14644.700574102335,34.958201689923285,13.308200797378738,4.0,649.3852583000647
30,27360.931752104374,39.18477326898354,11.009683234166424,4.0,729.7065214765114
50,35913.10120594269,43.476764835383364,31.595049536776823,4.0,669.1508971125413
51,31591.38120907177,35.12771435886448,18.7350823571124,4.0,614.5381455439933
58,18076.872353274208,33.24291920838388,24.629504275305962,3.0,705.2594611302828
52,22835.91550305198,40.34152417488025,31.76296190709788,4.0,662.5920823098161
18,21130.976999791834,29.127540611371973,0.0,4.0,672.7007702764307
38,20417.169136399047,29.141748711148146,14.196273828068104,4.0,750.7960844563745
23,34693.29539981694,46.79373282956503,2.6265561806726856,4.0,683.6652675322916
45,26433.17839394372,28.51205964841344,14.031789754853062,4.0,690.89236204988
34,18920.491164900315,46.66312500909212,12.591598928552084,4.0,609.974316599984
22,7908.8353579749855,44.62591292853951,2.7857902177863583,4.0,646.925362740427
48,25335.409047822825,22.741932712094034,15.429786413664818,3.0,705.8117113082529
22,9475.301636194561,33.22435347664345,3.1665047846251135,4.0,581.7066149441324
55,34581.08676688591,51.94109403047372,18.709096926896915,4.0,694.6233414226713
20,19567.02316794584,30.188344688603184,1.787371958149273,4.0,674.6065768001862
40,12140.105394920505,35.355957376906126,14.370761049737089,4.0,664.2044781742925
54,13687.670464422219,44.62060893251896,18.724644054166177,3.0,715.5456153973344
54,8637.946268967033,47.83390509282596,28.59033997769676,4.0,675.3598720113931
27,18579.913269125434,37.48461113955504,6.289579864948746,4.0,742.4835081869476
27,2466.333938261263,34.02489805308358,8.882101860107174,4.0,602.7868581585595
36,-3528.90592952483,54.223698616985075,13.897787962533322,4.0,653.2673224313926
34,20885.78604530964,57.388996637975794,10.201913448296066,5.0,675.109125364807
38,43929.99517432791,49.788580507817954,17.094388646339745,3.0,640.467270486574
31,15439.290884601067,40.85318142565024,8.264698016527623,5.0,713.2540409891684
26,21384.90774451642,31.917342783590737,7.61697316563026,4.0,787.6185730371574
63,32318.29358547565,31.695555934434346,30.93124433641597,4.0,681.4679898612841
18,8011.103468088573,45.22514105265758,0.0,4.0,683.262157881777
62,40190.764829877684,44.18398220888684,23.11260828413303,5.0,694.4166886206441
30,12097.254558113487,54.01598592946429,8.556727427713385,4.0,626.4180210627547
21,13173.92314071903,46.50450092536139,2.7485453094914924,4.0,572.1359092506182
18,12216.978061960137,24.96919698240182,0.0,4.0,626.9283039071919
57,21819.095463569513,50.51947617722919,23.874211897643765,4.0,602.2211764159829
49,34420.42349536523,30.01939372685587,19.004225600663723,4.0,769.6255273983211
51,23750.402433045914,36.16028728047648,29.985537651518406,5.0,667.994917736884
45,14942.548405071553,42.502002062516944,26.060378672285893,4.0,647.646581952713
48,29365.098435704036,59.95667489783965,16.430413819095055,5.0,723.8227896750943
25,3515.3201820896265,71.09918556005361,5.0752052379917885,4.0,597.4277650392953
56,28281.811573691284,46.06723059136183,25.41163130032035,4.0,639.9386096734636
43,21408.810033557966,38.168033812796125,23.38360569321799,4.0,674.812423495989
51,36358.95565831578,45.345056484805504,17.87816109222031,3.0,737.7974052294899
20,14746.982328799528,48.87655425873836,1.2111259425580374,4.0,689.8312345872389
29,14249.73041254856,36.793323744428086,9.63857585672572,5.0,676.6659875383427
18,17177.66299200287,57.95211355912322,0.0,5.0,671.0835497538037
61,44402.075490173134,42.30070759191402,32.08951068535722,4.0,714.4138682665119
22,16578.10306351862,44.97743089091394,2.88421406935944,4.0,676.6607483199813
47,23603.526198433807,46.659242520544616,19.348817095336855,4.0,622.104912459587
47,10381.637676498405,44.21586610614456,20.221298572124393,5.0,662.685598758156
34,6348.863369246274,48.38940500469612,12.239524695441863,4.0,602.6644304233587
64,28947.752956453325,33.82746813453077,26.711449242932815,4.0,683.0018801014945
40,13904.877978407168,34.41698246053969,17.29195466111952,4.0,639.8724809039951
32,14130.28697014554,28.998457670283052,12.638026305099904,3.0,791.0993681092887
54,27566.49924897107,44.39501230620226,31.68289673622286,5.0,675.5717800613854
38,24296.927543567308,47.78936503512114,11.538999046937736,3.0,604.0849492304878
31,14795.012219409087,44.57772866151886,7.47012155331958,5.0,658.0860016855628
19,14365.01643826202,56.744924333475375,0.6340871838724567,4.0,690.3329537201564
28,14644.744148101203,39.94403981170954,6.805373631705186,4.0,748.3129414557274
56,8245.334336461288,46.687416555925125,26.76065604676117,3.0,628.7727143395254
55,18106.646061812455,29.08299123860686,31.074398511416888,3.0,588.9852473606304
51,24059.124442783846,36.12900297525599,17.435227130736283,3.0,714.9009750143329
55,15403.052571588925,46.95537757565778,19.14144502818223,4.0,596.3731172766063
51,31499.287299962045,48.491021107431436,22.966524288574497,4.0,659.6915152245878
35,32807.508323436974,37.060330523358175,14.425891383172834,4.0,669.9264840478872
47,35687.61851697317,39.28400748141933,17.304812472868996,4.0,682.2059458519678
32,13865.57129069792,24.821262533191906,11.49053136879376,4.0,698.3237941444147
44,36907.261368499516,36.42970799193391,16.37776579322389,3.0,652.7255472541801
51,26986.674572021115,48.90383163519786,31.12042079542302,4.0,663.3002119636831
55,24129.140288819606,45.75205016106566,35.0702639689324,5.0,673.4156226413502
50,18865.9733645906,45.0066572138121,20.756595268501222,4.0,676.34587124053
41,17475.303135118716,40.4977368718096,14.144928170577266,5.0,672.3666618705148
32,12118.231814587713,40.07063158628176,9.879127804463618,4.0,683.9185205757167
47,25204.162223754876,33.39678860526553,17.987707985112156,4.0,717.3961377058417
59,31105.739810498646,46.98828420202535,34.283868787479925,5.0,700.737445593047
34,17030.460201534144,44.2097294438939,14.608517476386284,5.0,689.7097363769951
22,15369.381697463497,44.920188479927994,3.346184261822434,4.0,586.2582233601396
46,34906.462747863414,34.739651573324196,25.540906261490893,4.0,687.4178477061474
21,19995.54135441324,18.466570801287556,2.095488243311211,3.0,693.9709187544937
27,-1348.979684499036,50.97152711753696,5.203426368189874,4.0,685.0980800440235
34,-8539.211349019548,35.211625439915956,13.903607579180736,4.0,606.8432499392908
27,22843.199112392736,31.372242359568794,6.122135273136992,4.0,639.8912353679605
34,3331.2130158457894,46.934789119139936,13.37016660183306,4.0,624.6261792516659
37,16252.345981073166,36.0798736008087,12.071117448826774,5.0,693.0730409756403
41,8798.869739406406,50.59936384046622,12.434140800276735,4.0,710.4929224856169
22,-7019.804375800199,46.17005949576698,3.9851635909755267,4.0,622.6071902596198
51,30914.62728204788,46.83569323200477,19.077324880854885,3.0,726.3127429634003
23,19091.55160302647,26.340442887994655,4.971052484908702,2.0,675.2655420612562
19,3734.895992732806,52.11943985386401,0.9886399662832237,4.0,647.520607134611
30,-10910.422921449099,42.61250531233856,10.762908623448238,4.0,628.5203655876525
60,24537.55551747517,36.307228607537965,34.84788220372195,4.0,711.868123747583
60,33918.04005402546,41.43388467342251,33.133948055272775,4.0,700.196930893379
28,-789.1156877412868,22.237647671016802,9.330507726889174,4.0,763.0021556946406
64,33833.599197791555,44.08652811480671,29.65710899724822,5.0,641.2223670479254
40,19846.901508270046,29.706284918179286,16.144493337333646,4.0,695.7519866097689
33,22292.914996010884,26.473297141564657,12.145424770248765,3.0,645.8328645054352
48,25195.803684141534,24.77640813782109,21.167857138042365,4.0,631.7314543347094
28,4269.310591184445,51.12688374989925,7.13743227045134,4.0,653.7259537394358
33,28465.715016644914,33.707366063072115,9.977135006265634,4.0,685.3333389869968
25,10914.7042697303,55.33727709916499,5.4748113583958755,4.0,806.823382022735
21,10226.954604900682,34.64198536947702,2.775861792022674,4.0,651.0196638207406
57,19167.32040926804,22.926420424070532,23.4298033711231,4.0,612.658383935034
21,6067.177488084897,28.83475560051341,2.901649558130162,4.0,669.7177133628041
42,12151.972859730991,52.35811620006939,20.269051844978755,5.0,558.4199709824126
20,8270.53940076577,38.441018220633325,1.8232732126800302,4.0,653.6727002705525
49,41617.084801423436,34.51712703509399,24.12095573576518,3.0,692.4183489161815
20,-3719.011429313563,41.60018225852788,1.7795167014240634,4.0,686.011007717947
44,5864.386021232589,45.01782736167545,13.210605165413073,5.0,704.5454984926249
46,37711.70327493609,51.17398815902461,25.457325946913492,4.0,662.5332223295502
49,22406.763228481337,54.484992298929264,16.122152315823183,4.0,664.8760624969848
36,11309.272613400834,36.40231354210914,17.009220387265763,4.0,623.0032310828673
38,29399.046873960764,26.739523139179617,19.919627472386434,3.0,622.9959191335761
22,4943.844602631359,35.86534838876724,2.5881349243535556,3.0,670.438583571663
35,35760.09713546936,42.60280506582886,10.287707728429247,4.0,622.0808197056393
45,29279.25871339269,30.36241073789389,23.832405412083553,4.0,658.5479136847995
59,24620.885918542976,30.42849085104957,25.687039988865187,3.0,624.8621879235811
39,41073.082132655036,43.437878815498856,19.588405023308137,4.0,718.557241447168
38,12942.850769966615,39.51347648429549,11.028425921574767,4.0,753.014355733291
23,18920.95372009307,40.327969954115865,2.814887990948396,4.0,603.8415545799265
18,11992.925804064918,32.41504665299931,0.0,4.0,569.3420016591865
22,24017.41289398798,37.69599285794233,3.347677796540009,5.0,667.7730686264846
58,44615.11196726853,30.757668557316954,36.93774448857906,4.0,695.4000017651564
29,14820.041490657666,48.90198411124787,7.28381157543335,4.0,675.7530068285225
43,13965.821296538164,50.35249334723753,20.956046869007555,4.0,641.6497955348209
63,36099.72142939117,21.538121377619063,35.87044111444344,3.0,676.0677564881196
51,18722.846302478938,30.7048913980759,26.451976982028626,3.0,687.098366829509
31,35633.87247526623,25.03470744909921,10.93646098699519,3.0,737.6554171075081
43,22865.353310827373,33.49976065593102,19.69198966411373,4.0,575.1129147949132
62,27346.784486878914,39.16562030209639,31.439372124658647,5.0,658.8998125353058
44,23846.803058649086,25.503547803014698,16.586995026947108,3.0,684.5372427557023
26,-471.2628952969644,30.78140186874687,7.074325323652808,4.0,603.6299318741662
43,11783.859614893485,29.960426279185015,15.328405375039827,4.0,748.3423412032585
64,44004.139079444256,42.07267329398944,38.92414904155152,4.0,662.2336450680074
39,12931.057210286042,40.6934433703625,12.94999463781793,4.0,660.8664228599218
64,21530.890173180604,32.78262446662747,37.382593908952444,4.0,699.3319950152952
47,28866.52752527286,41.76820872139398,25.332634873370917,3.0,649.3022880851781
60,41857.04154662997,34.533199154127345,25.592991667037325,3.0,599.528389156409
34,24189.533106650666,37.283448896739465,8.479546406890467,4.0,652.756806760824
43,31460.476858058166,56.734520902985366,14.137171787427178,5.0,732.9325046544102
53,18932.04911430539,53.40461051790348,28.104946927242946,4.0,652.0872927750485
18,-5218.106667418437,27.004187630724026,0.0,2.0,602.4601782596327
25,27513.33651955487,48.29732417879175,3.6574888743239855,4.0,723.796946994691
52,22773.201611578643,48.11396554491592,29.480571403707984,4.0,656.234456810426
32,13491.669835449527,28.517367112473817,9.389230521650365,3.0,637.9836291529386
64,45281.941418490576,48.18777643754861,34.006152508149015,4.0,702.7547459016561
39,25062.300094006598,55.37931918412553,20.25302527337844,4.0,713.5998105749459
31,20058.877720816075,28.774551937555863,8.657814780782996,4.0,789.1445543074434
43,43150.02344901084,30.824971789857365,18.316711674243574,3.0,734.511828831882
45,16064.81769619857,50.17661466843502,13.684712599269195,5.0,724.0568160156158
40,29278.401280812373,42.71495310825648,11.897585920053224,3.0,653.9800913314195
31,16070.131248970845,45.514762752395235,8.180845342376097,4.0,614.776725950497
41,23185.922788632568,43.40589216400497,11.820300769442355,4.0,676.3024902695887
19,24784.684264125317,43.90695920928144,0.8156876630241254,4.0,680.1431800271051
62,36078.357562896235,26.73527871688917,31.380763849635695,3.0,632.1527204946664
43,26882.96079049633,50.47317706621448,19.351815034100277,5.0,668.1182342952957
31,26225.07337309802,51.69589992427774,7.635206708326143,3.0,696.1909534590545
24,8350.472704571146,37.70609255931972,3.887796088309848,4.0,676.3701424554752
20,1607.903326609936,39.56523050186138,1.663824474852725,4.0,676.8222959958235
64,21551.908059789665,24.688924974442777,45.2019626434992,5.0,686.1001445666618
40,336.4341062399835,45.14254756017835,11.554584509624302,4.0,624.9860011427371
63,52062.07129940322,45.72057441714144,42.533647219243484,4.0,676.3670399669611
60,18967.916342783166,39.37808983000689,33.114505227535375,3.0,609.0203464430894
64,29787.46376414228,51.24353359870503,35.97015003537934,3.0,769.0262157233971
62,28231.867001110793,36.659227690200595,33.00612777457073,4.0,678.9043852320755
35,20574.066978091007,45.646059258936006,9.089849730185557,4.0,659.3314141883484
55,35657.37212539297,29.803356613078844,20.16272175711897,4.0,639.21776805277
52,34604.734883597455,39.76447849125762,27.215504096204466,3.0,831.3876299999863
32,10169.225614310615,38.25645742097164,9.386710000048907,4.0,606.5028240031658
42,19328.782862135886,42.25307922040942,23.00721679893217,5.0,647.8863865818322
54,29825.799504882998,36.304730711666416,25.3186296724705,4.0,700.617641319186
45,20013.08873816453,38.68527404328332,15.434299692485656,4.0,700.0237370253785
27,29573.455760199926,48.26047171441506,7.716234750759162,4.0,727.4700585209841
56,32909.749516382515,35.63235762761782,24.573715007379185,3.0,773.2901749048457
34,24348.777860498176,23.934228992613207,12.203762458847145,4.0,699.6566606335339
56,34628.81268667413,57.49583904205421,32.25882292459823,4.0,631.8272726883407
39,31234.738574853247,53.814540786904864,19.95277316762174,5.0,668.3874823187642
43,23310.21558703707,27.077373048943812,22.40238993502095,3.0,688.7018342127313
61,17531.680520441536,46.897078052451945,36.041762959263565,4.0,770.9429825957327
42,24996.879517526417,34.97025229448657,20.155598188741724,5.0,605.1066055963115
34,10486.431062081709,42.634872153310596,15.567397152256692,4.0,720.615256323343
30,9713.833182502432,42.94224129013494,7.774944584979217,5.0,668.7095516598232
37,24363.640187550933,37.65592199683678,9.51056489486378,4.0,716.2551669490249
42,33382.830714336356,32.16234334413603,15.263454712778383,3.0,678.2830948825398
21,10712.715767360616,33.094589476837406,1.8268370694401161,4.0,618.5910842610442
27,16588.33012598964,30.838080845187577,7.478255633012992,3.0,704.1319690960562
20,27022.149446352378,31.681777917695552,1.6337115997655292,4.0,709.7437008016334
58,31407.531794885683,39.328217099506446,31.86922765409448,4.0,730.0103800818717
62,57016.83114180395,32.842400108892484,22.357355750607983,3.0,706.3515993728722
35,23155.09645631544,46.820520657126195,14.694613462830503,4.0,643.1639952903229
64,14392.372408441825,54.87246155335927,30.4411994871663,5.0,586.4530226572497
53,34033.416211045325,34.19946758629957,29.138479807616044,4.0,725.0020796180156
64,35811.58384882778,42.39404500535377,35.80130385554953,4.0,707.0060579710271
39,32397.527540827454,44.996851103029336,14.098674716993026,5.0,634.1083958976295
51,32231.813512699584,44.72002270919275,18.72050840721778,4.0,655.3031298478684
64,30615.440160162263,40.759552679160876,25.171634646191063,4.0,657.2774995625903
25,257.0176371063426,47.426824183597226,6.410314165892783,4.0,576.1077960379854
57,26409.767427139748,44.82248952680657,37.40875207059038,4.0,635.525647596883
61,21994.795457907,27.623375776727023,35.47044300543244,4.0,615.3032776175893
36,12194.765501952774,48.69156064389273,9.93090703374435,4.0,641.5708149075559
59,35385.7840442061,48.872908372667425,28.741557946208932,5.0,648.4509091277279
58,45699.04504351407,32.367138958214184,34.57878400210315,4.0,614.3487990001767
54,30946.71529822981,40.37937835447602,32.03677591218123,4.0,782.0762268267039
23,-458.8306203518441,46.833289928110695,2.7955465557277215,5.0,712.1682059311097
43,25946.02668220141,37.906861804206386,12.500383985567282,4.0,636.9950556062021
51,37466.31486645651,50.729780477660114,28.25026125702998,5.0,701.087384699137
62,24902.170956806178,63.638724946193605,29.845115871696528,4.0,695.7754254478709
23,10159.828333270823,32.140139673650175,3.1362033290456504,4.0,719.7141210719448
54,27146.88194729197,26.18955396846225,18.232154456211457,4.0,636.216630614288
50,17151.016869177598,43.03818595604876,24.644790508183995,4.0,721.7563560682989
39,25982.80433843859,47.21562505126143,19.437082721972807,3.0,648.5875391280917
38,17790.518513922183,37.69133626155231,19.57631646272588,3.0,600.9973983054915
23,15695.324439070278,54.53260663321034,3.914362376533223,5.0,701.9021524047952
23,2625.078221979,26.613942002767512,3.7861533193497356,4.0,717.1629994281004
21,6125.416996765895,46.92918623031611,1.6275845782338618,4.0,785.5208656733001
47,30723.813578277714,33.94139179241107,22.458655622367694,3.0,620.737550323767
28,10271.668479082331,57.19377906207296,6.899895394826974,4.0,695.2176527331218
47,40769.63851233405,59.92515353168118,23.303461572811862,3.0,670.2795763226574
48,20003.638143853976,32.33343412216652,20.830895218148203,4.0,709.1715736700555
41,22746.84725751886,34.5044286409142,14.263439919679216,4.0,599.2223696959563
26,22325.9083187309,48.59587886979802,4.379861100913506,4.0,609.1874195338027
20,-4183.657329330317,36.12869350210485,1.3149184445888957,4.0,607.0226015123454
48,6391.911880192241,39.54588782067762,16.449672514316283,4.0,660.3401141635965
57,13243.436854299052,40.2538842054241,22.949490541067686,5.0,631.1893735273812
54,39625.84103427182,20.803268438023437,35.772050854431825,3.0,722.5785582299428
53,20981.41854107553,39.86162253905763,25.271812245865828,5.0,722.3261494539712
41,46081.992856682526,33.10272225935826,17.61652531480769,4.0,726.0608699189503
48,18357.524013426115,35.06877177600228,28.10427793105823,3.0,749.2969059964695
23,13345.51303197037,54.43632003468814,4.98892225122672,4.0,684.1368445047376
19,24921.099525678757,27.434931057207436,0.7913572246723408,3.0,614.0762640086704
37,38560.92888159123,48.132051867479774,17.21850129991963,4.0,756.7297545585083
45,43115.03576636397,37.21037069668191,17.913703828545117,5.0,662.8572239860641
28,26083.662305931422,37.202398315041656,6.528719787236455,4.0,721.6045872902099
21,20740.625258114625,47.90371896051711,2.1040555814918402,4.0,749.4273360858699
32,21925.26949201183,43.4005129456889,11.707550838715543,4.0,694.7596700285318
23,19283.61076166638,45.70612997219531,4.205479223137747,3.0,594.4756701034339
47,17988.142836714665,49.68184660532861,19.070971802417034,4.0,622.0775345112252
55,19318.01116577693,36.686916168166775,20.964383596527632,5.0,735.4552345100337
19,9466.25542589048,33.87763265492249,0.8161981282327543,3.0,651.0101211437496
32,14298.153774750715,29.14849473442202,7.898281035321352,3.0,668.276830521859
28,9467.719506727248,31.74589470021045,7.892462541146649,4.0,697.4089403149077
25,19463.874474567154,69.49094425308725,5.926977448197082,4.0,704.2800175785834
43,31053.05208570511,52.44679580736786,21.257643704930647,4.0,694.9930427049782
62,31884.068862918473,26.489256337919787,38.57638643451113,3.0,671.4506503018953
61,45275.30081055262,26.7754204325643,40.26647756366179,3.0,679.6418785239348
22,-416.89114133505063,44.81866061718492,2.999917983929577,4.0,692.478050123232
23,9563.40540720282,45.47264797377967,4.325622973823928,4.0,687.2418819605925
43,14331.77679397195,45.48883835317365,20.23965919207296,3.0,651.4667767630824
21,-8165.366170730598,37.45044206446302,1.7799599096965237,3.0,695.9402494789264
36,17173.193141573007,38.745457399970995,9.231206803824673,4.0,660.7214873850838
37,17282.524916167164,43.27879524159357,12.203143163930871,4.0,624.6994161994476
50,40134.49743242131,40.858930062933304,23.08853930140191,4.0,652.1859624872541
37,24808.116845547775,17.80699627252465,15.362506472072234,3.0,625.8710750300595
29,4258.131756707951,37.70200369424806,10.17477631776763,4.0,640.6376309265236
64,50540.925663341885,31.485935657396865,27.513651484241812,3.0,762.2271395801515
18,21210.33695525353,41.75211418908512,0.0,4.0,630.9555779037281
43,27320.97703468616,69.85259002603411,24.543499343429094,5.0,686.7447650855913
31,13235.15901150168,43.67481665474304,7.202289635946645,4.0,630.400691730131
55,17905.607632765204,36.86470313827602,27.352084796983,4.0,654.8901555691933
54,23277.93223928947,49.21801501977252,28.54014711827943,4.0,597.7758716400269
28,24887.48619704186,44.826878872092124,7.706872104537191,5.0,663.860574739215
53,45345.86305934609,44.200944904518416,19.005562748076507,4.0,685.660594069098
30,30432.43528272189,46.06850593215671,6.342161484021717,4.0,707.4468324845067
60,25111.50578213726,60.56543564829541,23.21515197668175,5.0,686.2755514449058
20,-1196.174332890112,28.691115646740844,1.5855876838726126,4.0,588.8842194195076
50,26408.86246911204,44.736320768114545,24.709518202149138,5.0,730.6187746712892
23,-6184.393655628515,30.736188700184616,3.084351980091861,3.0,654.3307583554713
27,16731.677141847817,45.55512646342248,7.369983638305162,4.0,676.6513530007222
22,9523.974137013312,30.813134885139057,3.6401350041112988,4.0,659.0648564677564
40,15339.634981317577,35.82633186394916,11.457368558312531,4.0,639.4517626202065
27,-2447.0306726679537,37.049100857620935,6.741584745966191,4.0,658.4430863147683
61,35636.001065697164,49.75816719344709,36.32017386020784,5.0,709.4154228621263
19,4172.991603380886,49.18454443942414,0.6261559635348435,4.0,566.8282070361031
